{
  "resourceType": "CapabilityStatement",
  "id": "ISiKCapabilityStatementMedikationVerabreichung",
  "url": "https://gematik.de/fhir/isik/CapabilityStatement/ISiKCapabilityStatementMedikationVerabreichung",
  "status": "active",
  "experimental": false,
  "version": "4.0.0-rc",
  "publisher": "gematik GmbH",
  "date": "2024-04-04",
  "implementationGuide": [
    "https://gematik.de/fhir/ISiK/ImplementationGuide/ISiK-Medikation"
  ],
  "name": "ISiKCapabilityStatementMedikationVerabreichung",
  "title": "ISiK CapabilityStatement Medikation Server - Medikationsverabreichung",
  "contact": [
    {
      "telecom": [
        {
          "system": "url",
          "value": "https://www.gematik.de"
        }
      ]
    }
  ],
  "description": "Das vorliegende CapabilityStatement beschreibt alle verpflichtenden Interaktionen die ein ISiK-konformes System unterstützen muss um das Bestätigungsverfahren des Moduls 'Medikation', Bereich 'Medikationsverabreichung' zu bestehen.",
  "jurisdiction": [
    {
      "coding": [
        {
          "code": "DE",
          "system": "urn:iso:std:iso:3166",
          "display": "Germany"
        }
      ]
    }
  ],
  "kind": "requirements",
  "fhirVersion": "4.0.1",
  "format": [
    "application/fhir+xml",
    "application/fhir+json"
  ],
  "instantiates": [
    "https://gematik.de/fhir/isik/CapabilityStatement/ISiKCapabilityStatementMedikationVerabreichung"
  ],
  "rest": [
    {
      "mode": "server",
      "resource": [
        {
          "extension": [
            {
              "url": "http://hl7.org/fhir/StructureDefinition/capabilitystatement-expectation",
              "valueCode": "SHALL"
            }
          ],
          "type": "MedicationAdministration",
          "supportedProfile": [
            "https://gematik.de/fhir/isik/StructureDefinition/ISiKMedikationsVerabreichung"
          ],
          "interaction": [
            {
              "extension": [
                {
                  "url": "http://hl7.org/fhir/StructureDefinition/capabilitystatement-expectation",
                  "valueCode": "SHALL"
                }
              ],
              "code": "create"
            },
            {
              "extension": [
                {
                  "url": "http://hl7.org/fhir/StructureDefinition/capabilitystatement-expectation",
                  "valueCode": "SHALL"
                }
              ],
              "code": "read"
            },
            {
              "extension": [
                {
                  "url": "http://hl7.org/fhir/StructureDefinition/capabilitystatement-expectation",
                  "valueCode": "SHALL"
                }
              ],
              "code": "update"
            },
            {
              "extension": [
                {
                  "url": "http://hl7.org/fhir/StructureDefinition/capabilitystatement-expectation",
                  "valueCode": "SHALL"
                }
              ],
              "code": "search-type"
            }
          ],
          "searchInclude": [
            "MedicationAdministration:medication",
            "MedicationAdministration:patient",
            "MedicationAdministration:context",
            "MedicationAdministration:performer"
          ],
          "_searchInclude": [
            {
              "extension": [
                {
                  "url": "http://hl7.org/fhir/StructureDefinition/capabilitystatement-expectation",
                  "valueCode": "SHALL"
                }
              ]
            },
            {
              "extension": [
                {
                  "url": "http://hl7.org/fhir/StructureDefinition/capabilitystatement-expectation",
                  "valueCode": "SHALL"
                }
              ]
            },
            {
              "extension": [
                {
                  "url": "http://hl7.org/fhir/StructureDefinition/capabilitystatement-expectation",
                  "valueCode": "SHALL"
                }
              ]
            },
            {
              "extension": [
                {
                  "url": "http://hl7.org/fhir/StructureDefinition/capabilitystatement-expectation",
                  "valueCode": "SHALL"
                }
              ]
            }
          ],
          "searchParam": [
            {
              "extension": [
                {
                  "url": "http://hl7.org/fhir/StructureDefinition/capabilitystatement-expectation",
                  "valueCode": "SHALL"
                }
              ],
              "name": "_id",
              "definition": "http://hl7.org/fhir/SearchParameter/Resource-id",
              "type": "token"
            },
            {
              "extension": [
                {
                  "url": "http://hl7.org/fhir/StructureDefinition/capabilitystatement-expectation",
                  "valueCode": "SHALL"
                }
              ],
              "name": "code",
              "definition": "http://hl7.org/fhir/SearchParameter/clinical-code",
              "type": "token"
            },
            {
              "extension": [
                {
                  "url": "http://hl7.org/fhir/StructureDefinition/capabilitystatement-expectation",
                  "valueCode": "SHALL"
                }
              ],
              "name": "context",
              "definition": "http://hl7.org/fhir/SearchParameter/MedicationAdministration-context",
              "type": "reference"
            },
            {
              "extension": [
                {
                  "url": "http://hl7.org/fhir/StructureDefinition/capabilitystatement-expectation",
                  "valueCode": "SHALL"
                }
              ],
              "name": "effective-time",
              "definition": "http://hl7.org/fhir/SearchParameter/MedicationAdministration-effective-time",
              "type": "date"
            },
            {
              "extension": [
                {
                  "url": "http://hl7.org/fhir/StructureDefinition/capabilitystatement-expectation",
                  "valueCode": "SHALL"
                }
              ],
              "name": "medication",
              "definition": "http://hl7.org/fhir/SearchParameter/medications-medication",
              "type": "reference"
            },
            {
              "extension": [
                {
                  "url": "http://hl7.org/fhir/StructureDefinition/capabilitystatement-expectation",
                  "valueCode": "SHALL"
                }
              ],
              "name": "patient",
              "definition": "http://hl7.org/fhir/SearchParameter/clinical-patient",
              "type": "reference"
            },
            {
              "extension": [
                {
                  "url": "http://hl7.org/fhir/StructureDefinition/capabilitystatement-expectation",
                  "valueCode": "SHALL"
                }
              ],
              "name": "performer",
              "definition": "http://hl7.org/fhir/SearchParameter/MedicationAdministration-performer",
              "type": "reference"
            },
            {
              "extension": [
                {
                  "url": "http://hl7.org/fhir/StructureDefinition/capabilitystatement-expectation",
                  "valueCode": "SHALL"
                }
              ],
              "name": "status",
              "definition": "http://hl7.org/fhir/SearchParameter/medications-status",
              "type": "token"
            }
          ]
        },
        {
          "extension": [
            {
              "url": "http://hl7.org/fhir/StructureDefinition/capabilitystatement-expectation",
              "valueCode": "SHALL"
            }
          ],
          "type": "Medication",
          "supportedProfile": [
            "https://gematik.de/fhir/isik/StructureDefinition/ISiKMedikament"
          ],
          "interaction": [
            {
              "extension": [
                {
                  "url": "http://hl7.org/fhir/StructureDefinition/capabilitystatement-expectation",
                  "valueCode": "SHALL"
                }
              ],
              "code": "create"
            },
            {
              "extension": [
                {
                  "url": "http://hl7.org/fhir/StructureDefinition/capabilitystatement-expectation",
                  "valueCode": "SHALL"
                }
              ],
              "code": "read"
            },
            {
              "extension": [
                {
                  "url": "http://hl7.org/fhir/StructureDefinition/capabilitystatement-expectation",
                  "valueCode": "SHALL"
                }
              ],
              "code": "update"
            },
            {
              "extension": [
                {
                  "url": "http://hl7.org/fhir/StructureDefinition/capabilitystatement-expectation",
                  "valueCode": "SHALL"
                }
              ],
              "code": "search-type"
            }
          ],
          "searchInclude": [
            "Medication:ingredient"
          ],
          "_searchInclude": [
            {
              "extension": [
                {
                  "url": "http://hl7.org/fhir/StructureDefinition/capabilitystatement-expectation",
                  "valueCode": "SHALL"
                }
              ]
            }
          ],
          "searchParam": [
            {
              "extension": [
                {
                  "url": "http://hl7.org/fhir/StructureDefinition/capabilitystatement-expectation",
                  "valueCode": "SHALL"
                }
              ],
              "name": "_id",
              "definition": "http://hl7.org/fhir/SearchParameter/Resource-id",
              "type": "token"
            },
            {
              "extension": [
                {
                  "url": "http://hl7.org/fhir/StructureDefinition/capabilitystatement-expectation",
                  "valueCode": "SHALL"
                }
              ],
              "name": "code",
              "definition": "http://hl7.org/fhir/SearchParameter/clinical-code",
              "type": "token"
            },
            {
              "extension": [
                {
                  "url": "http://hl7.org/fhir/StructureDefinition/capabilitystatement-expectation",
                  "valueCode": "SHALL"
                }
              ],
              "name": "form",
              "definition": "http://hl7.org/fhir/SearchParameter/Medication-form",
              "type": "token"
            },
            {
              "extension": [
                {
                  "url": "http://hl7.org/fhir/StructureDefinition/capabilitystatement-expectation",
                  "valueCode": "SHALL"
                }
              ],
              "name": "ingredient",
              "definition": "http://hl7.org/fhir/SearchParameter/Medication-ingredient",
              "type": "reference"
            },
            {
              "extension": [
                {
                  "url": "http://hl7.org/fhir/StructureDefinition/capabilitystatement-expectation",
                  "valueCode": "SHALL"
                }
              ],
              "name": "ingredient-code",
              "definition": "http://hl7.org/fhir/SearchParameter/Medication-ingredient-code",
              "type": "token"
            },
            {
              "extension": [
                {
                  "url": "http://hl7.org/fhir/StructureDefinition/capabilitystatement-expectation",
                  "valueCode": "SHALL"
                }
              ],
              "name": "status",
              "definition": "http://hl7.org/fhir/SearchParameter/Medication-status",
              "type": "token"
            }
          ]
        },
        {
          "extension": [
            {
              "url": "http://hl7.org/fhir/StructureDefinition/capabilitystatement-expectation",
              "valueCode": "SHALL"
            }
          ],
          "type": "Patient",
          "supportedProfile": [
            "https://gematik.de/fhir/isik/StructureDefinition/ISiKPatient"
          ],
          "interaction": [
            {
              "extension": [
                {
                  "url": "http://hl7.org/fhir/StructureDefinition/capabilitystatement-expectation",
                  "valueCode": "SHALL"
                }
              ],
              "code": "read"
            },
            {
              "extension": [
                {
                  "url": "http://hl7.org/fhir/StructureDefinition/capabilitystatement-expectation",
                  "valueCode": "SHALL"
                }
              ],
              "code": "search-type"
            }
          ],
          "searchParam": [
            {
              "extension": [
                {
                  "url": "http://hl7.org/fhir/StructureDefinition/capabilitystatement-expectation",
                  "valueCode": "SHALL"
                }
              ],
              "name": "_id",
              "definition": "http://hl7.org/fhir/SearchParameter/Resource-id",
              "type": "token"
            },
            {
              "extension": [
                {
                  "url": "http://hl7.org/fhir/StructureDefinition/capabilitystatement-expectation",
                  "valueCode": "SHALL"
                }
              ],
              "name": "identifier",
              "definition": "http://hl7.org/fhir/SearchParameter/Patient-identifier",
              "type": "token"
            },
            {
              "extension": [
                {
                  "url": "http://hl7.org/fhir/StructureDefinition/capabilitystatement-expectation",
                  "valueCode": "SHALL"
                }
              ],
              "name": "family",
              "definition": "http://hl7.org/fhir/SearchParameter/individual-family",
              "type": "string"
            },
            {
              "extension": [
                {
                  "url": "http://hl7.org/fhir/StructureDefinition/capabilitystatement-expectation",
                  "valueCode": "SHALL"
                }
              ],
              "name": "given",
              "definition": "http://hl7.org/fhir/SearchParameter/individual-given",
              "type": "string"
            },
            {
              "extension": [
                {
                  "url": "http://hl7.org/fhir/StructureDefinition/capabilitystatement-expectation",
                  "valueCode": "SHALL"
                }
              ],
              "name": "birthdate",
              "definition": "http://hl7.org/fhir/SearchParameter/individual-birthdate",
              "type": "date"
            },
            {
              "extension": [
                {
                  "url": "http://hl7.org/fhir/StructureDefinition/capabilitystatement-expectation",
                  "valueCode": "SHALL"
                }
              ],
              "name": "gender",
              "definition": "http://hl7.org/fhir/SearchParameter/individual-gender",
              "type": "token"
            },
            {
              "extension": [
                {
                  "url": "http://hl7.org/fhir/StructureDefinition/capabilitystatement-expectation",
                  "valueCode": "MAY"
                }
              ],
              "name": "name",
              "definition": "http://hl7.org/fhir/SearchParameter/Patient-name",
              "type": "string"
            },
            {
              "extension": [
                {
                  "url": "http://hl7.org/fhir/StructureDefinition/capabilitystatement-expectation",
                  "valueCode": "MAY"
                }
              ],
              "name": "_profile",
              "definition": "http://hl7.org/fhir/SearchParameter/Resource-profile",
              "type": "uri"
            },
            {
              "extension": [
                {
                  "url": "http://hl7.org/fhir/StructureDefinition/capabilitystatement-expectation",
                  "valueCode": "MAY"
                }
              ],
              "name": "address",
              "definition": "http://hl7.org/fhir/SearchParameter/individual-address",
              "type": "string"
            },
            {
              "extension": [
                {
                  "url": "http://hl7.org/fhir/StructureDefinition/capabilitystatement-expectation",
                  "valueCode": "MAY"
                }
              ],
              "name": "address-city",
              "definition": "http://hl7.org/fhir/SearchParameter/individual-address-city",
              "type": "string"
            },
            {
              "extension": [
                {
                  "url": "http://hl7.org/fhir/StructureDefinition/capabilitystatement-expectation",
                  "valueCode": "MAY"
                }
              ],
              "name": "address-country",
              "definition": "http://hl7.org/fhir/SearchParameter/individual-address-country",
              "type": "string"
            },
            {
              "extension": [
                {
                  "url": "http://hl7.org/fhir/StructureDefinition/capabilitystatement-expectation",
                  "valueCode": "MAY"
                }
              ],
              "name": "address-postalcode",
              "definition": "http://hl7.org/fhir/SearchParameter/individual-address-postalcode",
              "type": "string"
            },
            {
              "extension": [
                {
                  "url": "http://hl7.org/fhir/StructureDefinition/capabilitystatement-expectation",
                  "valueCode": "MAY"
                }
              ],
              "name": "active",
              "definition": "http://hl7.org/fhir/SearchParameter/Patient-active",
              "type": "token"
            },
            {
              "extension": [
                {
                  "url": "http://hl7.org/fhir/StructureDefinition/capabilitystatement-expectation",
                  "valueCode": "MAY"
                }
              ],
              "name": "telecom",
              "definition": "http://hl7.org/fhir/SearchParameter/individual-telecom",
              "type": "token"
            }
          ],
          "searchRevInclude": [
            "Encounter:patient",
            "Encounter:subject"
          ],
          "_searchRevInclude": [
            {
              "extension": [
                {
                  "url": "http://hl7.org/fhir/StructureDefinition/capabilitystatement-expectation",
                  "valueCode": "SHALL"
                }
              ]
            },
            {
              "extension": [
                {
                  "url": "http://hl7.org/fhir/StructureDefinition/capabilitystatement-expectation",
                  "valueCode": "SHALL"
                }
              ]
            }
          ]
        },
        {
          "extension": [
            {
              "url": "http://hl7.org/fhir/StructureDefinition/capabilitystatement-expectation",
              "valueCode": "SHALL"
            }
          ],
          "type": "Encounter",
          "supportedProfile": [
            "https://gematik.de/fhir/isik/StructureDefinition/ISiKKontaktGesundheitseinrichtung"
          ],
          "interaction": [
            {
              "extension": [
                {
                  "url": "http://hl7.org/fhir/StructureDefinition/capabilitystatement-expectation",
                  "valueCode": "SHALL"
                }
              ],
              "code": "read"
            },
            {
              "extension": [
                {
                  "url": "http://hl7.org/fhir/StructureDefinition/capabilitystatement-expectation",
                  "valueCode": "SHALL"
                }
              ],
              "code": "search-type"
            }
          ],
          "searchParam": [
            {
              "extension": [
                {
                  "url": "http://hl7.org/fhir/StructureDefinition/capabilitystatement-expectation",
                  "valueCode": "SHALL"
                }
              ],
              "name": "_id",
              "definition": "http://hl7.org/fhir/SearchParameter/Resource-id",
              "type": "token"
            },
            {
              "extension": [
                {
                  "url": "http://hl7.org/fhir/StructureDefinition/capabilitystatement-expectation",
                  "valueCode": "SHALL"
                }
              ],
              "name": "identifier",
              "definition": "http://hl7.org/fhir/SearchParameter/clinical-identifier",
              "type": "token"
            },
            {
              "extension": [
                {
                  "url": "http://hl7.org/fhir/StructureDefinition/capabilitystatement-expectation",
                  "valueCode": "SHALL"
                }
              ],
              "name": "status",
              "definition": "http://hl7.org/fhir/SearchParameter/Encounter-status",
              "type": "token"
            },
            {
              "extension": [
                {
                  "url": "http://hl7.org/fhir/StructureDefinition/capabilitystatement-expectation",
                  "valueCode": "SHALL"
                }
              ],
              "name": "class",
              "definition": "http://hl7.org/fhir/SearchParameter/Encounter-class",
              "type": "token"
            },
            {
              "extension": [
                {
                  "url": "http://hl7.org/fhir/StructureDefinition/capabilitystatement-expectation",
                  "valueCode": "SHALL"
                }
              ],
              "name": "type",
              "definition": "http://hl7.org/fhir/SearchParameter/clinical-type",
              "type": "token"
            },
            {
              "extension": [
                {
                  "url": "http://hl7.org/fhir/StructureDefinition/capabilitystatement-expectation",
                  "valueCode": "SHALL"
                }
              ],
              "name": "patient",
              "definition": "http://hl7.org/fhir/SearchParameter/clinical-patient",
              "type": "reference"
            },
            {
              "extension": [
                {
                  "url": "http://hl7.org/fhir/StructureDefinition/capabilitystatement-expectation",
                  "valueCode": "SHALL"
                }
              ],
              "name": "subject",
              "definition": "http://hl7.org/fhir/SearchParameter/Encounter-subject",
              "type": "reference"
            },
            {
              "extension": [
                {
                  "url": "http://hl7.org/fhir/StructureDefinition/capabilitystatement-expectation",
                  "valueCode": "SHALL"
                }
              ],
              "name": "account",
              "definition": "http://hl7.org/fhir/SearchParameter/Encounter-account",
              "type": "reference"
            },
            {
              "extension": [
                {
                  "url": "http://hl7.org/fhir/StructureDefinition/capabilitystatement-expectation",
                  "valueCode": "MAY"
                }
              ],
              "name": "date",
              "definition": "http://hl7.org/fhir/SearchParameter/clinical-date",
              "type": "date"
            },
            {
              "extension": [
                {
                  "url": "http://hl7.org/fhir/StructureDefinition/capabilitystatement-expectation",
                  "valueCode": "MAY"
                }
              ],
              "name": "location",
              "definition": "http://hl7.org/fhir/SearchParameter/Encounter-location",
              "type": "reference"
            },
            {
              "extension": [
                {
                  "url": "http://hl7.org/fhir/StructureDefinition/capabilitystatement-expectation",
                  "valueCode": "MAY"
                }
              ],
              "name": "service-provider",
              "definition": "http://hl7.org/fhir/SearchParameter/Encounter-service-provider",
              "type": "reference"
            },
            {
              "extension": [
                {
                  "url": "http://hl7.org/fhir/StructureDefinition/capabilitystatement-expectation",
                  "valueCode": "MAY"
                }
              ],
              "name": "_profile",
              "definition": "http://hl7.org/fhir/SearchParameter/Resource-profile",
              "type": "uri"
            }
          ],
          "searchInclude": [
            "Encounter:patient",
            "Encounter:subject",
            "Encounter:part-of"
          ],
          "_searchInclude": [
            {
              "extension": [
                {
                  "url": "http://hl7.org/fhir/StructureDefinition/capabilitystatement-expectation",
                  "valueCode": "SHALL"
                }
              ]
            },
            {
              "extension": [
                {
                  "url": "http://hl7.org/fhir/StructureDefinition/capabilitystatement-expectation",
                  "valueCode": "SHALL"
                }
              ]
            },
            {
              "extension": [
                {
                  "url": "http://hl7.org/fhir/StructureDefinition/capabilitystatement-expectation",
                  "valueCode": "SHALL"
                }
              ]
            }
          ],
          "searchRevInclude": [
            "Encounter:part-of"
          ],
          "_searchRevInclude": [
            {
              "extension": [
                {
                  "url": "http://hl7.org/fhir/StructureDefinition/capabilitystatement-expectation",
                  "valueCode": "SHALL"
                }
              ]
            }
          ]
        },
        {
          "extension": [
            {
              "url": "http://hl7.org/fhir/StructureDefinition/capabilitystatement-expectation",
              "valueCode": "SHALL"
            }
          ],
          "type": "Practitioner",
          "supportedProfile": [
            "https://gematik.de/fhir/isik/StructureDefinition/ISiKPersonImGesundheitsberuf"
          ],
          "interaction": [
            {
              "extension": [
                {
                  "url": "http://hl7.org/fhir/StructureDefinition/capabilitystatement-expectation",
                  "valueCode": "SHALL"
                }
              ],
              "code": "read"
            },
            {
              "extension": [
                {
                  "url": "http://hl7.org/fhir/StructureDefinition/capabilitystatement-expectation",
                  "valueCode": "SHALL"
                }
              ],
              "code": "search-type"
            }
          ],
          "searchParam": [
            {
              "extension": [
                {
                  "url": "http://hl7.org/fhir/StructureDefinition/capabilitystatement-expectation",
                  "valueCode": "SHALL"
                }
              ],
              "name": "_id",
              "definition": "http://hl7.org/fhir/SearchParameter/Resource-id",
              "type": "token"
            },
            {
              "extension": [
                {
                  "url": "http://hl7.org/fhir/StructureDefinition/capabilitystatement-expectation",
                  "valueCode": "SHALL"
                }
              ],
              "name": "identifier",
              "definition": "http://hl7.org/fhir/SearchParameter/Practitioner-identifier",
              "type": "token"
            },
            {
              "extension": [
                {
                  "url": "http://hl7.org/fhir/StructureDefinition/capabilitystatement-expectation",
                  "valueCode": "SHALL"
                }
              ],
              "name": "family",
              "definition": "http://hl7.org/fhir/SearchParameter/individual-family",
              "type": "string"
            },
            {
              "extension": [
                {
                  "url": "http://hl7.org/fhir/StructureDefinition/capabilitystatement-expectation",
                  "valueCode": "SHALL"
                }
              ],
              "name": "given",
              "definition": "http://hl7.org/fhir/SearchParameter/individual-given",
              "type": "string"
            },
            {
              "extension": [
                {
                  "url": "http://hl7.org/fhir/StructureDefinition/capabilitystatement-expectation",
                  "valueCode": "MAY"
                }
              ],
              "name": "address",
              "definition": "http://hl7.org/fhir/SearchParameter/individual-address",
              "type": "string"
            },
            {
              "extension": [
                {
                  "url": "http://hl7.org/fhir/StructureDefinition/capabilitystatement-expectation",
                  "valueCode": "MAY"
                }
              ],
              "name": "gender",
              "definition": "http://hl7.org/fhir/SearchParameter/individual-gender",
              "type": "token"
            },
            {
              "extension": [
                {
                  "url": "http://hl7.org/fhir/StructureDefinition/capabilitystatement-expectation",
                  "valueCode": "MAY"
                }
              ],
              "name": "_profile",
              "definition": "http://hl7.org/fhir/SearchParameter/Resource-profile",
              "type": "uri"
            },
            {
              "extension": [
                {
                  "url": "http://hl7.org/fhir/StructureDefinition/capabilitystatement-expectation",
                  "valueCode": "MAY"
                }
              ],
              "name": "name",
              "definition": "http://hl7.org/fhir/SearchParameter/Practitioner-name",
              "type": "string"
            }
          ]
        }
      ],
      "interaction": [
        {
          "extension": [
            {
              "url": "http://hl7.org/fhir/StructureDefinition/capabilitystatement-expectation",
              "valueCode": "SHALL"
            }
          ],
          "code": "transaction",
          "documentation": "Transaktions-Bundle gemäß Profil https://gematik.de/fhir/isik/StructureDefinition/ISiKMedikationTransaction - Transaktions-Antwort-Bundle gemäß Profil https://gematik.de/fhir/isik/StructureDefinition/ISiKMedikationTransactionResponse"
        }
      ]
    }
  ]
}
