{
  "resourceType": "CodeSystem",
  "status": "active",
  "content": "complete",
  "name": "ISiKMedikationsart",
  "id": "ISiKMedikationsartCS",
  "description": "ISiK Therapiearten für Medikation",
  "url": "https://gematik.de/fhir/isik/CodeSystem/ISiKMedikationsartCS",
  "concept": [
    {
      "code": "akut",
      "display": "Akutmedikation"
    },
    {
      "code": "dauer",
      "display": "Dauermedikation"
    }
  ],
  "experimental": false,
  "publisher": "gematik GmbH",
  "version": "4.0.0-rc",
  "date": "2024-04-04",
  "count": 2
}
