{
  "resourceType": "MedicationStatement",
  "id": "ExampleISiKMedikationsInformation3",
  "meta": {
    "profile": [
      "https://gematik.de/fhir/isik/StructureDefinition/ISiKMedikationsInformation"
    ]
  },
  "dosage": [
    {
      "doseAndRate": [
        {
          "doseQuantity": {
            "system": "http://unitsofmeasure.org",
            "value": 500,
            "unit": "ml Infusionslösung",
            "code": "mL"
          }
        }
      ],
      "timing": {
        "repeat": {
          "count": 6,
          "frequency": 1,
          "duration": 6,
          "durationUnit": "wk",
          "period": 1,
          "periodUnit": "wk"
        }
      }
    }
  ],
  "status": "active",
  "medicationReference": {
    "reference": "Medication/ExampleISiKMedikament8"
  },
  "subject": {
    "reference": "Patient/PatientinMusterfrau"
  },
  "context": {
    "reference": "Encounter/Fachabteilungskontakt"
  },
  "effectivePeriod": {
    "start": "2024-01-22",
    "end": "2024-02-26"
  },
  "dateAsserted": "2024-01-17"
}
