{
  "resourceType": "MedicationAdministration",
  "id": "ExampleISiKMedikationsVerabreichung",
  "meta": {
    "profile": [
      "https://gematik.de/fhir/isik/StructureDefinition/ISiKMedikationsVerabreichung"
    ]
  },
  "dosage": {
    "dose": {
      "system": "http://unitsofmeasure.org",
      "value": 1,
      "unit": "Brausetablette",
      "code": "1"
    }
  },
  "status": "completed",
  "medicationReference": {
    "reference": "Medication/ExampleISiKMedikament1"
  },
  "subject": {
    "reference": "Patient/PatientinMusterfrau"
  },
  "context": {
    "reference": "Encounter/Fachabteilungskontakt"
  },
  "effectiveDateTime": "2021-07-01"
}
