{
  "resourceType": "Patient",
  "id": "PatientinMusterfrau",
  "identifier": [
    {
      "type": {
        "coding": [
          {
            "code": "GKV",
            "system": "http://fhir.de/CodeSystem/identifier-type-de-basis"
          }
        ]
      },
      "system": "http://fhir.de/sid/gkv/kvid-10",
      "value": "A123456789"
    },
    {
      "type": {
        "coding": [
          {
            "code": "MR",
            "system": "http://terminology.hl7.org/CodeSystem/v2-0203"
          }
        ]
      },
      "system": "https://fhir.krankenhaus.example/NamingSystem/PID",
      "value": "TestPID"
    },
    {
      "use": "secondary",
      "type": {
        "coding": [
          {
            "code": "PKV",
            "system": "http://fhir.de/CodeSystem/identifier-type-de-basis"
          }
        ]
      },
      "value": "1234567890",
      "assigner": {
        "display": "Test PKV AG"
      }
    }
  ],
  "active": true,
  "name": [
    {
      "use": "official",
      "family": "Fürstin von Musterfrau",
      "_family": {
        "extension": [
          {
            "url": "http://fhir.de/StructureDefinition/humanname-namenszusatz",
            "valueString": "Graf"
          },
          {
            "url": "http://hl7.org/fhir/StructureDefinition/humanname-own-name",
            "valueString": "Musterfrau"
          },
          {
            "url": "http://hl7.org/fhir/StructureDefinition/humanname-own-prefix",
            "valueString": "von"
          }
        ]
      },
      "given": [
        "Erika"
      ],
      "prefix": [
        "Dr."
      ],
      "_prefix": [
        {
          "extension": [
            {
              "url": "http://hl7.org/fhir/StructureDefinition/iso21090-EN-qualifier",
              "valueCode": "AC"
            }
          ]
        }
      ]
    },
    {
      "use": "maiden",
      "family": "Gabler",
      "_family": {
        "extension": [
          {
            "url": "http://hl7.org/fhir/StructureDefinition/humanname-own-name",
            "valueString": "Gabler"
          }
        ]
      }
    }
  ],
  "gender": "female",
  "birthDate": "1964-08-12",
  "address": [
    {
      "type": "both",
      "line": [
        "Musterweg 2",
        "3. Etage"
      ],
      "_line": [
        {
          "extension": [
            {
              "url": "http://hl7.org/fhir/StructureDefinition/iso21090-ADXP-streetName",
              "valueString": "Musterweg"
            },
            {
              "url": "http://hl7.org/fhir/StructureDefinition/iso21090-ADXP-houseNumber",
              "valueString": "2"
            }
          ]
        },
        {
          "extension": [
            {
              "url": "http://hl7.org/fhir/StructureDefinition/iso21090-ADXP-additionalLocator",
              "valueString": "3. Etage"
            }
          ]
        }
      ],
      "city": "Musterhausen",
      "postalCode": "98764",
      "country": "DE"
    },
    {
      "type": "postal",
      "line": [
        "Postfach 8 15"
      ],
      "_line": [
        {
          "extension": [
            {
              "url": "http://hl7.org/fhir/StructureDefinition/iso21090-ADXP-postBox",
              "valueString": "Postfach 8 15"
            }
          ]
        }
      ],
      "city": "Musterhausen",
      "postalCode": "98764",
      "country": "DE"
    }
  ]
}
