{
  "resourceType": "RiskAssessment",
  "id": "ExampleISiKAMTSBewertung1",
  "meta": {
    "profile": [
      "https://gematik.de/fhir/isik/StructureDefinition/ISiKAMTSBewertung"
    ]
  },
  "status": "final",
  "code": {
    "text": "AMTS Risikobewertung"
  },
  "subject": {
    "reference": "Patient/PatientinMusterfrau"
  },
  "encounter": {
    "reference": "Encounter/Fachabteilungskontakt"
  },
  "occurrenceDateTime": "2024-02-20T13:14:32+01:00",
  "condition": {
    "reference": "Condition/BehandlungsDiagnoseFreitext"
  },
  "reasonReference": [
    {
      "reference": "DocumentReference/AnamnesebogenScan123456"
    }
  ],
  "basis": [
    {
      "reference": "Observation/Koerpergewicht7777"
    }
  ],
  "prediction": [
    {
      "outcome": {
        "text": "Niereninsuffizienz"
      },
      "qualitativeRisk": {
        "coding": [
          {
            "code": "high",
            "system": "http://terminology.hl7.org/CodeSystem/risk-probability"
          }
        ]
      }
    }
  ],
  "mitigation": "Substitution der Stalevo Dauermedikation",
  "note": [
    {
      "text": "Abklärung in der Frühbesprechung am 21.02.2024"
    }
  ]
}
