{
  "resourceType": "StructureDefinition",
  "id": "ExtensionISiKMedikationsart",
  "url": "https://gematik.de/fhir/isik/StructureDefinition/ExtensionISiKMedikationsart",
  "version": "4.0.0-rc",
  "name": "ExtensionISiKMedikationsart",
  "title": "ISiKMedikationsart",
  "status": "active",
  "experimental": false,
  "date": "2024-04-04",
  "publisher": "gematik GmbH",
  "description": "Extension zur Dokumentation der Therapieart einer Medikation (Akut- oder Dauermedikation).",
  "fhirVersion": "4.0.1",
  "kind": "complex-type",
  "abstract": false,
  "context": [
    {
      "type": "element",
      "expression": "MedicationStatement"
    },
    {
      "type": "element",
      "expression": "MedicationRequest"
    }
  ],
  "type": "Extension",
  "baseDefinition": "http://hl7.org/fhir/StructureDefinition/Extension",
  "derivation": "constraint",
  "differential": {
    "element": [
      {
        "id": "Extension.extension",
        "path": "Extension.extension",
        "max": "0"
      },
      {
        "id": "Extension.url",
        "path": "Extension.url",
        "fixedUri": "https://gematik.de/fhir/isik/StructureDefinition/ExtensionISiKMedikationsart"
      },
      {
        "id": "Extension.value[x]",
        "path": "Extension.value[x]",
        "min": 1,
        "type": [
          {
            "code": "Coding"
          }
        ],
        "binding": {
          "strength": "required",
          "valueSet": "https://gematik.de/fhir/isik/ValueSet/ISiKMedikationsartVS"
        }
      },
      {
        "id": "Extension.value[x].system",
        "path": "Extension.value[x].system",
        "min": 1
      },
      {
        "id": "Extension.value[x].code",
        "path": "Extension.value[x].code",
        "min": 1
      }
    ]
  }
}
