{
  "resourceType": "StructureDefinition",
  "id": "ExtensionISiKSelbstmedikation",
  "url": "https://gematik.de/fhir/isik/StructureDefinition/ExtensionISiKSelbstmedikation",
  "version": "4.0.0-rc",
  "name": "ExtensionISiKSelbstmedikation",
  "title": "ISiKSelbstmedikation",
  "status": "active",
  "experimental": false,
  "date": "2024-04-04",
  "publisher": "gematik GmbH",
  "description": "Extension zur Angabe, ob es sich bei der Medikation um eine Selbstmedikation handelt.",
  "fhirVersion": "4.0.1",
  "kind": "complex-type",
  "abstract": false,
  "context": [
    {
      "type": "element",
      "expression": "MedicationStatement"
    }
  ],
  "type": "Extension",
  "baseDefinition": "http://hl7.org/fhir/StructureDefinition/Extension",
  "derivation": "constraint",
  "differential": {
    "element": [
      {
        "id": "Extension.extension",
        "path": "Extension.extension",
        "max": "0"
      },
      {
        "id": "Extension.url",
        "path": "Extension.url",
        "fixedUri": "https://gematik.de/fhir/isik/StructureDefinition/ExtensionISiKSelbstmedikation"
      },
      {
        "id": "Extension.value[x]",
        "path": "Extension.value[x]",
        "min": 1,
        "type": [
          {
            "code": "boolean"
          }
        ]
      }
    ]
  }
}
