{
  "resourceType": "StructureDefinition",
  "id": "ISiKMedikationsInformation",
  "url": "https://gematik.de/fhir/isik/StructureDefinition/ISiKMedikationsInformation",
  "version": "4.0.0-rc",
  "name": "ISiKMedikationsInformation",
  "status": "active",
  "experimental": false,
  "date": "2024-04-04",
  "publisher": "gematik GmbH",
  "description": "Dieses Profil ermöglicht die Abbildung von Informationen zur Medikation eines Patienten in ISiK Szenarien.",
  "fhirVersion": "4.0.1",
  "kind": "resource",
  "abstract": false,
  "type": "MedicationStatement",
  "baseDefinition": "http://hl7.org/fhir/StructureDefinition/MedicationStatement",
  "derivation": "constraint",
  "differential": {
    "element": [
      {
        "id": "MedicationStatement.id",
        "path": "MedicationStatement.id",
        "short": "eindeutige ID der Ressource auf dem Server",
        "mustSupport": true
      },
      {
        "id": "MedicationStatement.extension",
        "path": "MedicationStatement.extension",
        "mustSupport": true
      },
      {
        "id": "MedicationStatement.extension:acceptedRisk",
        "path": "MedicationStatement.extension",
        "sliceName": "acceptedRisk",
        "short": "akzeptiertes (in Kauf genommenes) Risiko",
        "comment": "Hier kann ein im Rahmen der Medikation festgestelltes, aber in Kauf genommenes Risiko dokumentiert werden, speziell auch die Begründung und ggf. erforderliche Begleitmaßnahmen.",
        "min": 0,
        "max": "1",
        "type": [
          {
            "code": "Extension",
            "profile": [
              "https://gematik.de/fhir/isik/StructureDefinition/ExtensionISiKAcceptedRisk"
            ]
          }
        ],
        "mustSupport": true
      },
      {
        "id": "MedicationStatement.extension:acceptedRisk.value[x]",
        "path": "MedicationStatement.extension.value[x]",
        "mustSupport": true
      },
      {
        "id": "MedicationStatement.extension:medikationsart",
        "path": "MedicationStatement.extension",
        "sliceName": "medikationsart",
        "short": "Therapieart der Medikation",
        "comment": "Angabe Akut- oder Dauermedikation.",
        "min": 0,
        "max": "1",
        "type": [
          {
            "code": "Extension",
            "profile": [
              "https://gematik.de/fhir/isik/StructureDefinition/ExtensionISiKMedikationsart"
            ]
          }
        ],
        "mustSupport": true
      },
      {
        "id": "MedicationStatement.extension:medikationsart.value[x].system",
        "path": "MedicationStatement.extension.value[x].system",
        "mustSupport": true
      },
      {
        "id": "MedicationStatement.extension:medikationsart.value[x].code",
        "path": "MedicationStatement.extension.value[x].code",
        "mustSupport": true
      },
      {
        "id": "MedicationStatement.extension:medikationsart.value[x].display",
        "path": "MedicationStatement.extension.value[x].display",
        "mustSupport": true
      },
      {
        "id": "MedicationStatement.extension:selbstmedikation",
        "path": "MedicationStatement.extension",
        "sliceName": "selbstmedikation",
        "short": "Selbstmedikation",
        "comment": "Flag zur Selbstmedikation.",
        "min": 0,
        "max": "1",
        "type": [
          {
            "code": "Extension",
            "profile": [
              "https://gematik.de/fhir/isik/StructureDefinition/ExtensionISiKSelbstmedikation"
            ]
          }
        ],
        "mustSupport": true
      },
      {
        "id": "MedicationStatement.extension:selbstmedikation.value[x]",
        "path": "MedicationStatement.extension.value[x]",
        "mustSupport": true
      },
      {
        "id": "MedicationStatement.extension:behandlungsziel",
        "path": "MedicationStatement.extension",
        "sliceName": "behandlungsziel",
        "short": "Behandlungsziel (textuell)",
        "comment": "Freitext-Beschreibung des Behandlungsziels.",
        "min": 0,
        "max": "1",
        "type": [
          {
            "code": "Extension",
            "profile": [
              "https://gematik.de/fhir/isik/StructureDefinition/ExtensionISiKBehandlungsziel"
            ]
          }
        ],
        "mustSupport": true
      },
      {
        "id": "MedicationStatement.extension:behandlungsziel.value[x]",
        "path": "MedicationStatement.extension.value[x]",
        "mustSupport": true
      },
      {
        "id": "MedicationStatement.extension:medicationStatementReplaces",
        "path": "MedicationStatement.extension",
        "sliceName": "medicationStatementReplaces",
        "short": "Welche Medikationsinformation wird ersetzt?",
        "comment": "Welche Medikationsinformation wird ersetzt?",
        "min": 0,
        "max": "1",
        "type": [
          {
            "code": "Extension",
            "profile": [
              "https://gematik.de/fhir/isik/StructureDefinition/ExtensionISiKMedicationStatementReplaces"
            ]
          }
        ],
        "mustSupport": true
      },
      {
        "id": "MedicationStatement.extension:medicationStatementReplaces.value[x]",
        "path": "MedicationStatement.extension.value[x]",
        "mustSupport": true
      },
      {
        "id": "MedicationStatement.extension:medicationStatementReplaces.value[x].reference",
        "path": "MedicationStatement.extension.value[x].reference",
        "mustSupport": true
      },
      {
        "id": "MedicationStatement.partOf",
        "path": "MedicationStatement.partOf",
        "short": "Referenz auf andere Objekte, deren Bestandteil diese MedikationsInformation ist",
        "mustSupport": true
      },
      {
        "id": "MedicationStatement.status",
        "path": "MedicationStatement.status",
        "short": "Status der Medikationsinformation",
        "mustSupport": true
      },
      {
        "id": "MedicationStatement.medication[x]",
        "path": "MedicationStatement.medication[x]",
        "slicing": {
          "discriminator": [
            {
              "type": "type",
              "path": "$this"
            }
          ],
          "ordered": false,
          "rules": "open"
        },
        "mustSupport": true
      },
      {
        "id": "MedicationStatement.medication[x]:medicationCodeableConcept",
        "path": "MedicationStatement.medication[x]",
        "sliceName": "medicationCodeableConcept",
        "short": "Medikament in codierter Form oder ggf. als Freitext",
        "comment": "kann verwendet werden, wenn keine detaillierten Informationen zum Medikament (z.B. Rezepturen) existieren.",
        "min": 0,
        "max": "1",
        "type": [
          {
            "code": "CodeableConcept"
          }
        ],
        "mustSupport": true
      },
      {
        "id": "MedicationStatement.medication[x]:medicationCodeableConcept.coding",
        "path": "MedicationStatement.medication[x].coding",
        "slicing": {
          "discriminator": [
            {
              "type": "pattern",
              "path": "$this"
            }
          ],
          "rules": "open"
        },
        "mustSupport": true
      },
      {
        "id": "MedicationStatement.medication[x]:medicationCodeableConcept.coding:PZN",
        "path": "MedicationStatement.medication[x].coding",
        "sliceName": "PZN",
        "min": 0,
        "max": "1",
        "type": [
          {
            "code": "Coding",
            "profile": [
              "https://gematik.de/fhir/isik/StructureDefinition/ISiKPZNCoding"
            ]
          }
        ],
        "patternCoding": {
          "system": "http://fhir.de/CodeSystem/ifa/pzn"
        },
        "mustSupport": true
      },
      {
        "id": "MedicationStatement.medication[x]:medicationCodeableConcept.coding:ATC-DE",
        "path": "MedicationStatement.medication[x].coding",
        "sliceName": "ATC-DE",
        "min": 0,
        "max": "1",
        "type": [
          {
            "code": "Coding",
            "profile": [
              "https://gematik.de/fhir/isik/StructureDefinition/ISiKATCCoding"
            ]
          }
        ],
        "patternCoding": {
          "system": "http://fhir.de/CodeSystem/bfarm/atc"
        },
        "mustSupport": true
      },
      {
        "id": "MedicationStatement.medication[x]:medicationCodeableConcept.coding:WG14",
        "path": "MedicationStatement.medication[x].coding",
        "sliceName": "WG14",
        "min": 0,
        "max": "1",
        "type": [
          {
            "code": "Coding",
            "profile": [
              "https://gematik.de/fhir/isik/StructureDefinition/ISiKWG14Coding"
            ]
          }
        ],
        "patternCoding": {
          "system": "http://fhir.de/CodeSystem/abdata/wg14"
        },
        "mustSupport": true
      },
      {
        "id": "MedicationStatement.medication[x]:medicationCodeableConcept.text",
        "path": "MedicationStatement.medication[x].text",
        "mustSupport": true
      },
      {
        "id": "MedicationStatement.medication[x]:medicationReference",
        "path": "MedicationStatement.medication[x]",
        "sliceName": "medicationReference",
        "short": "Referenz auf das Medikament (Medication-Ressource)",
        "comment": "wird verwendet, wenn detaillierte Informationen zum Medikament vorliegen",
        "min": 0,
        "max": "1",
        "type": [
          {
            "code": "Reference",
            "targetProfile": [
              "http://hl7.org/fhir/StructureDefinition/Medication"
            ]
          }
        ],
        "mustSupport": true
      },
      {
        "id": "MedicationStatement.medication[x]:medicationReference.reference",
        "path": "MedicationStatement.medication[x].reference",
        "min": 1,
        "mustSupport": true
      },
      {
        "id": "MedicationStatement.subject",
        "path": "MedicationStatement.subject",
        "short": "Referenz auf den Patienten",
        "type": [
          {
            "code": "Reference",
            "targetProfile": [
              "http://hl7.org/fhir/StructureDefinition/Patient"
            ]
          }
        ],
        "mustSupport": true
      },
      {
        "id": "MedicationStatement.subject.reference",
        "path": "MedicationStatement.subject.reference",
        "min": 1,
        "mustSupport": true
      },
      {
        "id": "MedicationStatement.context",
        "path": "MedicationStatement.context",
        "short": "Referenz auf den Abteilungskontakt",
        "mustSupport": true
      },
      {
        "id": "MedicationStatement.context.reference",
        "path": "MedicationStatement.context.reference",
        "min": 1,
        "mustSupport": true
      },
      {
        "id": "MedicationStatement.effective[x]",
        "path": "MedicationStatement.effective[x]",
        "slicing": {
          "discriminator": [
            {
              "type": "type",
              "path": "$this"
            }
          ],
          "ordered": false,
          "rules": "open"
        },
        "short": "Zeitpunkt oder Zeitraum, für den die MedikationsInformation gilt",
        "min": 1,
        "mustSupport": true
      },
      {
        "id": "MedicationStatement.effective[x]:effectiveDateTime",
        "path": "MedicationStatement.effective[x]",
        "sliceName": "effectiveDateTime",
        "short": "Zeitpunkt",
        "min": 0,
        "max": "1",
        "type": [
          {
            "code": "dateTime"
          }
        ],
        "mustSupport": true
      },
      {
        "id": "MedicationStatement.effective[x]:effectivePeriod",
        "path": "MedicationStatement.effective[x]",
        "sliceName": "effectivePeriod",
        "short": "Zeitraum",
        "min": 0,
        "max": "1",
        "type": [
          {
            "code": "Period"
          }
        ],
        "mustSupport": true
      },
      {
        "id": "MedicationStatement.effective[x]:effectivePeriod.start",
        "path": "MedicationStatement.effective[x].start",
        "mustSupport": true
      },
      {
        "id": "MedicationStatement.effective[x]:effectivePeriod.end",
        "path": "MedicationStatement.effective[x].end",
        "mustSupport": true
      },
      {
        "id": "MedicationStatement.dateAsserted",
        "path": "MedicationStatement.dateAsserted",
        "short": "Datum der Feststellung/des Bekanntwerdens der MedikationsInformation",
        "mustSupport": true
      },
      {
        "id": "MedicationStatement.reasonCode",
        "path": "MedicationStatement.reasonCode",
        "short": "Grund der Medikation (codiert)",
        "mustSupport": true
      },
      {
        "id": "MedicationStatement.reasonCode.coding",
        "path": "MedicationStatement.reasonCode.coding",
        "mustSupport": true
      },
      {
        "id": "MedicationStatement.reasonCode.coding.system",
        "path": "MedicationStatement.reasonCode.coding.system",
        "min": 1,
        "mustSupport": true
      },
      {
        "id": "MedicationStatement.reasonCode.coding.code",
        "path": "MedicationStatement.reasonCode.coding.code",
        "min": 1,
        "mustSupport": true
      },
      {
        "id": "MedicationStatement.reasonCode.coding.display",
        "path": "MedicationStatement.reasonCode.coding.display",
        "mustSupport": true
      },
      {
        "id": "MedicationStatement.reasonCode.text",
        "path": "MedicationStatement.reasonCode.text",
        "mustSupport": true
      },
      {
        "id": "MedicationStatement.reasonReference",
        "path": "MedicationStatement.reasonReference",
        "short": "Grund der Medikation (Referenz)",
        "mustSupport": true
      },
      {
        "id": "MedicationStatement.reasonReference.reference",
        "path": "MedicationStatement.reasonReference.reference",
        "min": 1,
        "mustSupport": true
      },
      {
        "id": "MedicationStatement.note",
        "path": "MedicationStatement.note",
        "mustSupport": true
      },
      {
        "id": "MedicationStatement.note.text",
        "path": "MedicationStatement.note.text",
        "short": "Freitext-Notiz",
        "mustSupport": true
      },
      {
        "id": "MedicationStatement.dosage",
        "path": "MedicationStatement.dosage",
        "short": "Dosierungsangaben",
        "mustSupport": true
      },
      {
        "id": "MedicationStatement.dosage.text",
        "path": "MedicationStatement.dosage.text",
        "short": "Freitext-Dosierungsanweisungen",
        "mustSupport": true
      },
      {
        "id": "MedicationStatement.dosage.patientInstruction",
        "path": "MedicationStatement.dosage.patientInstruction",
        "short": "besondere Anweisungen für den Patienten",
        "mustSupport": true
      },
      {
        "id": "MedicationStatement.dosage.timing",
        "path": "MedicationStatement.dosage.timing",
        "short": "Angaben zum Timing",
        "mustSupport": true
      },
      {
        "id": "MedicationStatement.dosage.timing.event",
        "path": "MedicationStatement.dosage.timing.event",
        "short": "fester Zeitpunkt",
        "mustSupport": true
      },
      {
        "id": "MedicationStatement.dosage.timing.repeat",
        "path": "MedicationStatement.dosage.timing.repeat",
        "short": "Wiederholungs-Angaben",
        "mustSupport": true
      },
      {
        "id": "MedicationStatement.dosage.timing.repeat.bounds[x]",
        "path": "MedicationStatement.dosage.timing.repeat.bounds[x]",
        "slicing": {
          "discriminator": [
            {
              "type": "type",
              "path": "$this"
            }
          ],
          "ordered": false,
          "rules": "open"
        }
      },
      {
        "id": "MedicationStatement.dosage.timing.repeat.bounds[x]:boundsDuration",
        "path": "MedicationStatement.dosage.timing.repeat.bounds[x]",
        "sliceName": "boundsDuration",
        "short": "Begrenzung der Dauer",
        "min": 0,
        "max": "1",
        "type": [
          {
            "code": "Duration"
          }
        ],
        "patternDuration": {
          "system": "http://unitsofmeasure.org"
        },
        "mustSupport": true
      },
      {
        "id": "MedicationStatement.dosage.timing.repeat.bounds[x]:boundsDuration.value",
        "path": "MedicationStatement.dosage.timing.repeat.bounds[x].value",
        "min": 1,
        "mustSupport": true
      },
      {
        "id": "MedicationStatement.dosage.timing.repeat.bounds[x]:boundsDuration.unit",
        "path": "MedicationStatement.dosage.timing.repeat.bounds[x].unit",
        "mustSupport": true
      },
      {
        "id": "MedicationStatement.dosage.timing.repeat.bounds[x]:boundsDuration.system",
        "path": "MedicationStatement.dosage.timing.repeat.bounds[x].system",
        "min": 1,
        "mustSupport": true
      },
      {
        "id": "MedicationStatement.dosage.timing.repeat.bounds[x]:boundsDuration.code",
        "path": "MedicationStatement.dosage.timing.repeat.bounds[x].code",
        "min": 1,
        "mustSupport": true
      },
      {
        "id": "MedicationStatement.dosage.timing.repeat.bounds[x]:boundsRange",
        "path": "MedicationStatement.dosage.timing.repeat.bounds[x]",
        "sliceName": "boundsRange",
        "short": "Bereich für die Begrenzung",
        "min": 0,
        "max": "1",
        "type": [
          {
            "code": "Range"
          }
        ],
        "mustSupport": true
      },
      {
        "id": "MedicationStatement.dosage.timing.repeat.bounds[x]:boundsRange.low",
        "path": "MedicationStatement.dosage.timing.repeat.bounds[x].low",
        "patternQuantity": {
          "system": "http://unitsofmeasure.org"
        },
        "mustSupport": true
      },
      {
        "id": "MedicationStatement.dosage.timing.repeat.bounds[x]:boundsRange.low.value",
        "path": "MedicationStatement.dosage.timing.repeat.bounds[x].low.value",
        "min": 1,
        "mustSupport": true
      },
      {
        "id": "MedicationStatement.dosage.timing.repeat.bounds[x]:boundsRange.low.unit",
        "path": "MedicationStatement.dosage.timing.repeat.bounds[x].low.unit",
        "mustSupport": true
      },
      {
        "id": "MedicationStatement.dosage.timing.repeat.bounds[x]:boundsRange.low.system",
        "path": "MedicationStatement.dosage.timing.repeat.bounds[x].low.system",
        "min": 1,
        "mustSupport": true
      },
      {
        "id": "MedicationStatement.dosage.timing.repeat.bounds[x]:boundsRange.low.code",
        "path": "MedicationStatement.dosage.timing.repeat.bounds[x].low.code",
        "min": 1,
        "mustSupport": true
      },
      {
        "id": "MedicationStatement.dosage.timing.repeat.bounds[x]:boundsRange.high",
        "path": "MedicationStatement.dosage.timing.repeat.bounds[x].high",
        "patternQuantity": {
          "system": "http://unitsofmeasure.org"
        },
        "mustSupport": true
      },
      {
        "id": "MedicationStatement.dosage.timing.repeat.bounds[x]:boundsRange.high.value",
        "path": "MedicationStatement.dosage.timing.repeat.bounds[x].high.value",
        "min": 1,
        "mustSupport": true
      },
      {
        "id": "MedicationStatement.dosage.timing.repeat.bounds[x]:boundsRange.high.unit",
        "path": "MedicationStatement.dosage.timing.repeat.bounds[x].high.unit",
        "mustSupport": true
      },
      {
        "id": "MedicationStatement.dosage.timing.repeat.bounds[x]:boundsRange.high.system",
        "path": "MedicationStatement.dosage.timing.repeat.bounds[x].high.system",
        "min": 1,
        "mustSupport": true
      },
      {
        "id": "MedicationStatement.dosage.timing.repeat.bounds[x]:boundsRange.high.code",
        "path": "MedicationStatement.dosage.timing.repeat.bounds[x].high.code",
        "min": 1,
        "mustSupport": true
      },
      {
        "id": "MedicationStatement.dosage.timing.repeat.bounds[x]:boundsPeriod",
        "path": "MedicationStatement.dosage.timing.repeat.bounds[x]",
        "sliceName": "boundsPeriod",
        "short": "begrenzender Zeitraum",
        "min": 0,
        "max": "1",
        "type": [
          {
            "code": "Period"
          }
        ],
        "mustSupport": true
      },
      {
        "id": "MedicationStatement.dosage.timing.repeat.bounds[x]:boundsPeriod.start",
        "path": "MedicationStatement.dosage.timing.repeat.bounds[x].start",
        "mustSupport": true
      },
      {
        "id": "MedicationStatement.dosage.timing.repeat.bounds[x]:boundsPeriod.end",
        "path": "MedicationStatement.dosage.timing.repeat.bounds[x].end",
        "mustSupport": true
      },
      {
        "id": "MedicationStatement.dosage.timing.repeat.count",
        "path": "MedicationStatement.dosage.timing.repeat.count",
        "short": "Anzahl Wiederholungen",
        "mustSupport": true
      },
      {
        "id": "MedicationStatement.dosage.timing.repeat.countMax",
        "path": "MedicationStatement.dosage.timing.repeat.countMax",
        "short": "maximale Anzahl Wiederholungen",
        "mustSupport": true
      },
      {
        "id": "MedicationStatement.dosage.timing.repeat.duration",
        "path": "MedicationStatement.dosage.timing.repeat.duration",
        "short": "Dauer der Verabreichung",
        "mustSupport": true
      },
      {
        "id": "MedicationStatement.dosage.timing.repeat.durationMax",
        "path": "MedicationStatement.dosage.timing.repeat.durationMax",
        "short": "maximale Dauer der Verabreichung",
        "mustSupport": true
      },
      {
        "id": "MedicationStatement.dosage.timing.repeat.durationUnit",
        "path": "MedicationStatement.dosage.timing.repeat.durationUnit",
        "short": "Einheit der Dauer",
        "mustSupport": true
      },
      {
        "id": "MedicationStatement.dosage.timing.repeat.frequency",
        "path": "MedicationStatement.dosage.timing.repeat.frequency",
        "short": "Frequenz (Anzahl der Gaben pro Periode)",
        "mustSupport": true
      },
      {
        "id": "MedicationStatement.dosage.timing.repeat.frequencyMax",
        "path": "MedicationStatement.dosage.timing.repeat.frequencyMax",
        "short": "maximale Frequenz",
        "mustSupport": true
      },
      {
        "id": "MedicationStatement.dosage.timing.repeat.period",
        "path": "MedicationStatement.dosage.timing.repeat.period",
        "short": "Zeitperiode zur Frequenz",
        "mustSupport": true
      },
      {
        "id": "MedicationStatement.dosage.timing.repeat.periodMax",
        "path": "MedicationStatement.dosage.timing.repeat.periodMax",
        "short": "maximale Zeitperiode zur Frequenz",
        "mustSupport": true
      },
      {
        "id": "MedicationStatement.dosage.timing.repeat.periodUnit",
        "path": "MedicationStatement.dosage.timing.repeat.periodUnit",
        "short": "Einheit der Zeitperiode",
        "mustSupport": true
      },
      {
        "id": "MedicationStatement.dosage.timing.repeat.dayOfWeek",
        "path": "MedicationStatement.dosage.timing.repeat.dayOfWeek",
        "short": "Wochentag",
        "mustSupport": true
      },
      {
        "id": "MedicationStatement.dosage.timing.repeat.timeOfDay",
        "path": "MedicationStatement.dosage.timing.repeat.timeOfDay",
        "short": "Tageszeit",
        "mustSupport": true
      },
      {
        "id": "MedicationStatement.dosage.timing.repeat.when",
        "path": "MedicationStatement.dosage.timing.repeat.when",
        "short": "Tageszeitpunkt codiert",
        "mustSupport": true
      },
      {
        "id": "MedicationStatement.dosage.timing.repeat.offset",
        "path": "MedicationStatement.dosage.timing.repeat.offset",
        "short": "zeitlicher Abstand der Gabe zum beschriebenen Zeitpunkt",
        "mustSupport": true
      },
      {
        "id": "MedicationStatement.dosage.asNeeded[x]",
        "path": "MedicationStatement.dosage.asNeeded[x]",
        "slicing": {
          "discriminator": [
            {
              "type": "type",
              "path": "$this"
            }
          ],
          "ordered": false,
          "rules": "open"
        }
      },
      {
        "id": "MedicationStatement.dosage.asNeeded[x]:asNeededBoolean",
        "path": "MedicationStatement.dosage.asNeeded[x]",
        "sliceName": "asNeededBoolean",
        "short": "Bedarfsmedikation",
        "min": 0,
        "max": "1",
        "type": [
          {
            "code": "boolean"
          }
        ],
        "mustSupport": true
      },
      {
        "id": "MedicationStatement.dosage.site",
        "path": "MedicationStatement.dosage.site",
        "short": "Körperstelle der Verabreichung",
        "mustSupport": true
      },
      {
        "id": "MedicationStatement.dosage.site.coding",
        "path": "MedicationStatement.dosage.site.coding",
        "slicing": {
          "discriminator": [
            {
              "type": "pattern",
              "path": "$this"
            }
          ],
          "rules": "open"
        },
        "mustSupport": true
      },
      {
        "id": "MedicationStatement.dosage.site.coding:SNOMED-CT",
        "path": "MedicationStatement.dosage.site.coding",
        "sliceName": "SNOMED-CT",
        "min": 0,
        "max": "1",
        "type": [
          {
            "code": "Coding",
            "profile": [
              "https://gematik.de/fhir/isik/StructureDefinition/ISiKSnomedCTCoding"
            ]
          }
        ],
        "patternCoding": {
          "system": "http://snomed.info/sct"
        },
        "mustSupport": true
      },
      {
        "id": "MedicationStatement.dosage.site.text",
        "path": "MedicationStatement.dosage.site.text",
        "mustSupport": true
      },
      {
        "id": "MedicationStatement.dosage.route",
        "path": "MedicationStatement.dosage.route",
        "short": "Route",
        "mustSupport": true
      },
      {
        "id": "MedicationStatement.dosage.route.coding",
        "path": "MedicationStatement.dosage.route.coding",
        "slicing": {
          "discriminator": [
            {
              "type": "pattern",
              "path": "$this"
            }
          ],
          "rules": "open"
        },
        "mustSupport": true
      },
      {
        "id": "MedicationStatement.dosage.route.coding:EDQM",
        "path": "MedicationStatement.dosage.route.coding",
        "sliceName": "EDQM",
        "min": 0,
        "max": "1",
        "type": [
          {
            "code": "Coding",
            "profile": [
              "https://gematik.de/fhir/isik/StructureDefinition/ISiKCoding"
            ]
          }
        ],
        "patternCoding": {
          "system": "http://standardterms.edqm.eu"
        },
        "mustSupport": true,
        "binding": {
          "strength": "required",
          "valueSet": "http://hl7.org/fhir/uv/ips/ValueSet/medicine-route-of-administration"
        }
      },
      {
        "id": "MedicationStatement.dosage.route.coding:SNOMED-CT",
        "path": "MedicationStatement.dosage.route.coding",
        "sliceName": "SNOMED-CT",
        "min": 0,
        "max": "1",
        "type": [
          {
            "code": "Coding",
            "profile": [
              "https://gematik.de/fhir/isik/StructureDefinition/ISiKSnomedCTCoding"
            ]
          }
        ],
        "patternCoding": {
          "system": "http://snomed.info/sct"
        },
        "mustSupport": true,
        "binding": {
          "strength": "required",
          "valueSet": "https://gematik.de/fhir/isik/ValueSet/SctRouteOfAdministration"
        }
      },
      {
        "id": "MedicationStatement.dosage.route.text",
        "path": "MedicationStatement.dosage.route.text",
        "mustSupport": true
      },
      {
        "id": "MedicationStatement.dosage.doseAndRate",
        "path": "MedicationStatement.dosage.doseAndRate",
        "short": "Angaben zu Dosis und Rate",
        "mustSupport": true
      },
      {
        "id": "MedicationStatement.dosage.doseAndRate.dose[x]",
        "path": "MedicationStatement.dosage.doseAndRate.dose[x]",
        "slicing": {
          "discriminator": [
            {
              "type": "type",
              "path": "$this"
            }
          ],
          "ordered": false,
          "rules": "open"
        }
      },
      {
        "id": "MedicationStatement.dosage.doseAndRate.dose[x]:doseRange",
        "path": "MedicationStatement.dosage.doseAndRate.dose[x]",
        "sliceName": "doseRange",
        "short": "Dosisbereich",
        "min": 0,
        "max": "1",
        "type": [
          {
            "code": "Range"
          }
        ],
        "mustSupport": true
      },
      {
        "id": "MedicationStatement.dosage.doseAndRate.dose[x]:doseRange.low",
        "path": "MedicationStatement.dosage.doseAndRate.dose[x].low",
        "patternQuantity": {
          "system": "http://unitsofmeasure.org"
        },
        "mustSupport": true
      },
      {
        "id": "MedicationStatement.dosage.doseAndRate.dose[x]:doseRange.low.value",
        "path": "MedicationStatement.dosage.doseAndRate.dose[x].low.value",
        "min": 1,
        "mustSupport": true
      },
      {
        "id": "MedicationStatement.dosage.doseAndRate.dose[x]:doseRange.low.unit",
        "path": "MedicationStatement.dosage.doseAndRate.dose[x].low.unit",
        "mustSupport": true
      },
      {
        "id": "MedicationStatement.dosage.doseAndRate.dose[x]:doseRange.low.system",
        "path": "MedicationStatement.dosage.doseAndRate.dose[x].low.system",
        "min": 1,
        "mustSupport": true
      },
      {
        "id": "MedicationStatement.dosage.doseAndRate.dose[x]:doseRange.low.code",
        "path": "MedicationStatement.dosage.doseAndRate.dose[x].low.code",
        "min": 1,
        "mustSupport": true
      },
      {
        "id": "MedicationStatement.dosage.doseAndRate.dose[x]:doseRange.high",
        "path": "MedicationStatement.dosage.doseAndRate.dose[x].high",
        "patternQuantity": {
          "system": "http://unitsofmeasure.org"
        },
        "mustSupport": true
      },
      {
        "id": "MedicationStatement.dosage.doseAndRate.dose[x]:doseRange.high.value",
        "path": "MedicationStatement.dosage.doseAndRate.dose[x].high.value",
        "min": 1,
        "mustSupport": true
      },
      {
        "id": "MedicationStatement.dosage.doseAndRate.dose[x]:doseRange.high.unit",
        "path": "MedicationStatement.dosage.doseAndRate.dose[x].high.unit",
        "mustSupport": true
      },
      {
        "id": "MedicationStatement.dosage.doseAndRate.dose[x]:doseRange.high.system",
        "path": "MedicationStatement.dosage.doseAndRate.dose[x].high.system",
        "min": 1,
        "mustSupport": true
      },
      {
        "id": "MedicationStatement.dosage.doseAndRate.dose[x]:doseRange.high.code",
        "path": "MedicationStatement.dosage.doseAndRate.dose[x].high.code",
        "min": 1,
        "mustSupport": true
      },
      {
        "id": "MedicationStatement.dosage.doseAndRate.dose[x]:doseQuantity",
        "path": "MedicationStatement.dosage.doseAndRate.dose[x]",
        "sliceName": "doseQuantity",
        "short": "Dosis",
        "min": 0,
        "max": "1",
        "type": [
          {
            "code": "Quantity",
            "profile": [
              "http://hl7.org/fhir/StructureDefinition/SimpleQuantity"
            ]
          }
        ],
        "patternQuantity": {
          "system": "http://unitsofmeasure.org"
        },
        "mustSupport": true
      },
      {
        "id": "MedicationStatement.dosage.doseAndRate.dose[x]:doseQuantity.value",
        "path": "MedicationStatement.dosage.doseAndRate.dose[x].value",
        "min": 1,
        "mustSupport": true
      },
      {
        "id": "MedicationStatement.dosage.doseAndRate.dose[x]:doseQuantity.unit",
        "path": "MedicationStatement.dosage.doseAndRate.dose[x].unit",
        "mustSupport": true
      },
      {
        "id": "MedicationStatement.dosage.doseAndRate.dose[x]:doseQuantity.system",
        "path": "MedicationStatement.dosage.doseAndRate.dose[x].system",
        "min": 1,
        "mustSupport": true
      },
      {
        "id": "MedicationStatement.dosage.doseAndRate.dose[x]:doseQuantity.code",
        "path": "MedicationStatement.dosage.doseAndRate.dose[x].code",
        "min": 1,
        "mustSupport": true
      },
      {
        "id": "MedicationStatement.dosage.doseAndRate.rate[x]",
        "path": "MedicationStatement.dosage.doseAndRate.rate[x]",
        "slicing": {
          "discriminator": [
            {
              "type": "type",
              "path": "$this"
            }
          ],
          "ordered": false,
          "rules": "open"
        }
      },
      {
        "id": "MedicationStatement.dosage.doseAndRate.rate[x]:rateRatio",
        "path": "MedicationStatement.dosage.doseAndRate.rate[x]",
        "sliceName": "rateRatio",
        "short": "Raten-Verhältnis",
        "min": 0,
        "max": "1",
        "type": [
          {
            "code": "Ratio"
          }
        ],
        "mustSupport": true
      },
      {
        "id": "MedicationStatement.dosage.doseAndRate.rate[x]:rateRatio.numerator",
        "path": "MedicationStatement.dosage.doseAndRate.rate[x].numerator",
        "patternQuantity": {
          "system": "http://unitsofmeasure.org"
        },
        "mustSupport": true
      },
      {
        "id": "MedicationStatement.dosage.doseAndRate.rate[x]:rateRatio.numerator.value",
        "path": "MedicationStatement.dosage.doseAndRate.rate[x].numerator.value",
        "min": 1,
        "mustSupport": true
      },
      {
        "id": "MedicationStatement.dosage.doseAndRate.rate[x]:rateRatio.numerator.unit",
        "path": "MedicationStatement.dosage.doseAndRate.rate[x].numerator.unit",
        "mustSupport": true
      },
      {
        "id": "MedicationStatement.dosage.doseAndRate.rate[x]:rateRatio.numerator.system",
        "path": "MedicationStatement.dosage.doseAndRate.rate[x].numerator.system",
        "min": 1,
        "mustSupport": true
      },
      {
        "id": "MedicationStatement.dosage.doseAndRate.rate[x]:rateRatio.numerator.code",
        "path": "MedicationStatement.dosage.doseAndRate.rate[x].numerator.code",
        "min": 1,
        "mustSupport": true
      },
      {
        "id": "MedicationStatement.dosage.doseAndRate.rate[x]:rateRatio.denominator",
        "path": "MedicationStatement.dosage.doseAndRate.rate[x].denominator",
        "patternQuantity": {
          "system": "http://unitsofmeasure.org"
        },
        "mustSupport": true
      },
      {
        "id": "MedicationStatement.dosage.doseAndRate.rate[x]:rateRatio.denominator.value",
        "path": "MedicationStatement.dosage.doseAndRate.rate[x].denominator.value",
        "min": 1,
        "mustSupport": true
      },
      {
        "id": "MedicationStatement.dosage.doseAndRate.rate[x]:rateRatio.denominator.unit",
        "path": "MedicationStatement.dosage.doseAndRate.rate[x].denominator.unit",
        "mustSupport": true
      },
      {
        "id": "MedicationStatement.dosage.doseAndRate.rate[x]:rateRatio.denominator.system",
        "path": "MedicationStatement.dosage.doseAndRate.rate[x].denominator.system",
        "min": 1,
        "mustSupport": true
      },
      {
        "id": "MedicationStatement.dosage.doseAndRate.rate[x]:rateRatio.denominator.code",
        "path": "MedicationStatement.dosage.doseAndRate.rate[x].denominator.code",
        "min": 1,
        "mustSupport": true
      },
      {
        "id": "MedicationStatement.dosage.doseAndRate.rate[x]:rateRange",
        "path": "MedicationStatement.dosage.doseAndRate.rate[x]",
        "sliceName": "rateRange",
        "short": "Raten-Bereich",
        "min": 0,
        "max": "1",
        "type": [
          {
            "code": "Range"
          }
        ],
        "mustSupport": true
      },
      {
        "id": "MedicationStatement.dosage.doseAndRate.rate[x]:rateRange.low",
        "path": "MedicationStatement.dosage.doseAndRate.rate[x].low",
        "patternQuantity": {
          "system": "http://unitsofmeasure.org"
        },
        "mustSupport": true
      },
      {
        "id": "MedicationStatement.dosage.doseAndRate.rate[x]:rateRange.low.value",
        "path": "MedicationStatement.dosage.doseAndRate.rate[x].low.value",
        "min": 1,
        "mustSupport": true
      },
      {
        "id": "MedicationStatement.dosage.doseAndRate.rate[x]:rateRange.low.unit",
        "path": "MedicationStatement.dosage.doseAndRate.rate[x].low.unit",
        "mustSupport": true
      },
      {
        "id": "MedicationStatement.dosage.doseAndRate.rate[x]:rateRange.low.system",
        "path": "MedicationStatement.dosage.doseAndRate.rate[x].low.system",
        "min": 1,
        "mustSupport": true
      },
      {
        "id": "MedicationStatement.dosage.doseAndRate.rate[x]:rateRange.low.code",
        "path": "MedicationStatement.dosage.doseAndRate.rate[x].low.code",
        "min": 1,
        "mustSupport": true
      },
      {
        "id": "MedicationStatement.dosage.doseAndRate.rate[x]:rateRange.high",
        "path": "MedicationStatement.dosage.doseAndRate.rate[x].high",
        "patternQuantity": {
          "system": "http://unitsofmeasure.org"
        },
        "mustSupport": true
      },
      {
        "id": "MedicationStatement.dosage.doseAndRate.rate[x]:rateRange.high.value",
        "path": "MedicationStatement.dosage.doseAndRate.rate[x].high.value",
        "min": 1,
        "mustSupport": true
      },
      {
        "id": "MedicationStatement.dosage.doseAndRate.rate[x]:rateRange.high.unit",
        "path": "MedicationStatement.dosage.doseAndRate.rate[x].high.unit",
        "mustSupport": true
      },
      {
        "id": "MedicationStatement.dosage.doseAndRate.rate[x]:rateRange.high.system",
        "path": "MedicationStatement.dosage.doseAndRate.rate[x].high.system",
        "min": 1,
        "mustSupport": true
      },
      {
        "id": "MedicationStatement.dosage.doseAndRate.rate[x]:rateRange.high.code",
        "path": "MedicationStatement.dosage.doseAndRate.rate[x].high.code",
        "min": 1,
        "mustSupport": true
      },
      {
        "id": "MedicationStatement.dosage.doseAndRate.rate[x]:rateQuantity",
        "path": "MedicationStatement.dosage.doseAndRate.rate[x]",
        "sliceName": "rateQuantity",
        "short": "Rate",
        "min": 0,
        "max": "1",
        "type": [
          {
            "code": "Quantity",
            "profile": [
              "http://hl7.org/fhir/StructureDefinition/SimpleQuantity"
            ]
          }
        ],
        "patternQuantity": {
          "system": "http://unitsofmeasure.org"
        },
        "mustSupport": true
      },
      {
        "id": "MedicationStatement.dosage.doseAndRate.rate[x]:rateQuantity.value",
        "path": "MedicationStatement.dosage.doseAndRate.rate[x].value",
        "min": 1,
        "mustSupport": true
      },
      {
        "id": "MedicationStatement.dosage.doseAndRate.rate[x]:rateQuantity.unit",
        "path": "MedicationStatement.dosage.doseAndRate.rate[x].unit",
        "mustSupport": true
      },
      {
        "id": "MedicationStatement.dosage.doseAndRate.rate[x]:rateQuantity.system",
        "path": "MedicationStatement.dosage.doseAndRate.rate[x].system",
        "min": 1,
        "mustSupport": true
      },
      {
        "id": "MedicationStatement.dosage.doseAndRate.rate[x]:rateQuantity.code",
        "path": "MedicationStatement.dosage.doseAndRate.rate[x].code",
        "min": 1,
        "mustSupport": true
      },
      {
        "id": "MedicationStatement.dosage.maxDosePerPeriod",
        "path": "MedicationStatement.dosage.maxDosePerPeriod",
        "short": "Maximaldosis (Zähler) pro Zeitraum (Nenner)",
        "mustSupport": true
      },
      {
        "id": "MedicationStatement.dosage.maxDosePerPeriod.numerator",
        "path": "MedicationStatement.dosage.maxDosePerPeriod.numerator",
        "patternQuantity": {
          "system": "http://unitsofmeasure.org"
        },
        "mustSupport": true
      },
      {
        "id": "MedicationStatement.dosage.maxDosePerPeriod.numerator.value",
        "path": "MedicationStatement.dosage.maxDosePerPeriod.numerator.value",
        "min": 1,
        "mustSupport": true
      },
      {
        "id": "MedicationStatement.dosage.maxDosePerPeriod.numerator.unit",
        "path": "MedicationStatement.dosage.maxDosePerPeriod.numerator.unit",
        "mustSupport": true
      },
      {
        "id": "MedicationStatement.dosage.maxDosePerPeriod.numerator.system",
        "path": "MedicationStatement.dosage.maxDosePerPeriod.numerator.system",
        "min": 1,
        "mustSupport": true
      },
      {
        "id": "MedicationStatement.dosage.maxDosePerPeriod.numerator.code",
        "path": "MedicationStatement.dosage.maxDosePerPeriod.numerator.code",
        "min": 1,
        "mustSupport": true
      },
      {
        "id": "MedicationStatement.dosage.maxDosePerPeriod.denominator",
        "path": "MedicationStatement.dosage.maxDosePerPeriod.denominator",
        "patternQuantity": {
          "system": "http://unitsofmeasure.org"
        },
        "mustSupport": true
      },
      {
        "id": "MedicationStatement.dosage.maxDosePerPeriod.denominator.value",
        "path": "MedicationStatement.dosage.maxDosePerPeriod.denominator.value",
        "min": 1,
        "mustSupport": true
      },
      {
        "id": "MedicationStatement.dosage.maxDosePerPeriod.denominator.unit",
        "path": "MedicationStatement.dosage.maxDosePerPeriod.denominator.unit",
        "mustSupport": true
      },
      {
        "id": "MedicationStatement.dosage.maxDosePerPeriod.denominator.system",
        "path": "MedicationStatement.dosage.maxDosePerPeriod.denominator.system",
        "min": 1,
        "mustSupport": true
      },
      {
        "id": "MedicationStatement.dosage.maxDosePerPeriod.denominator.code",
        "path": "MedicationStatement.dosage.maxDosePerPeriod.denominator.code",
        "min": 1,
        "mustSupport": true
      },
      {
        "id": "MedicationStatement.dosage.maxDosePerAdministration",
        "path": "MedicationStatement.dosage.maxDosePerAdministration",
        "short": "Maximaldosis pro Verabreichung",
        "patternQuantity": {
          "system": "http://unitsofmeasure.org"
        },
        "mustSupport": true
      },
      {
        "id": "MedicationStatement.dosage.maxDosePerAdministration.value",
        "path": "MedicationStatement.dosage.maxDosePerAdministration.value",
        "min": 1,
        "mustSupport": true
      },
      {
        "id": "MedicationStatement.dosage.maxDosePerAdministration.unit",
        "path": "MedicationStatement.dosage.maxDosePerAdministration.unit",
        "mustSupport": true
      },
      {
        "id": "MedicationStatement.dosage.maxDosePerAdministration.system",
        "path": "MedicationStatement.dosage.maxDosePerAdministration.system",
        "min": 1,
        "mustSupport": true
      },
      {
        "id": "MedicationStatement.dosage.maxDosePerAdministration.code",
        "path": "MedicationStatement.dosage.maxDosePerAdministration.code",
        "min": 1,
        "mustSupport": true
      }
    ]
  }
}
