{
  "resourceType": "ValueSet",
  "status": "active",
  "name": "SctRouteOfAdministration",
  "id": "SctRouteOfAdministration",
  "description": "Enthaelt alle SNOMED CT Administrationsarten",
  "url": "https://gematik.de/fhir/isik/ValueSet/SctRouteOfAdministration",
  "experimental": false,
  "publisher": "gematik GmbH",
  "version": "4.0.0-rc",
  "date": "2024-04-04",
  "compose": {
    "include": [
      {
        "system": "http://snomed.info/sct",
        "filter": [
          {
            "property": "concept",
            "op": "is-a",
            "value": "284009009"
          }
        ]
      }
    ]
  }
}
